{
  "group_accuracy": {
    "MSA_unknown": 0.8366390466690063,
    "MSA_MSA": 0.2857142984867096,
    "MGH_TN": 0.9302325248718262,
    "MGH_unknown": 0.8524589538574219,
    "MGH_LY": 0.7558139562606812,
    "MGH_MA": 0.965944230556488,
    "MGH_DZ": 0.8805031180381775,
    "EGY_unknown": 0.7931034564971924,
    "EGY_EG": 0.9075425863265991,
    "EGY_SD": 0.59375,
    "LEV_PL": 0.7441860437393188,
    "LEV_JO": 0.748971164226532,
    "LEV_SY": 0.853754997253418,
    "LEV_LB": 0.8931297659873962,
    "LEV_unknown": 0.75,
    "IRQ_IQ": 0.7690417766571045,
    "IRQ_KW": 0.17391304671764374,
    "GLF_unknown": 0.7468916773796082,
    "GLF_AE": 0.625,
    "GLF_BH": 0.75,
    "GLF_OM": 0.5642856955528259,
    "GLF_SA": 0.7191011309623718,
    "GLF_YE": 0.7222222089767456,
    "GLF_QA": 0.8965517282485962
  },
  "group_weights": {
    "MSA_unknown": 0.3359583232372183,
    "MSA_MSA": 0.001696147322510298,
    "MGH_TN": 0.031257572086261204,
    "MGH_unknown": 0.007390356190937727,
    "MGH_LY": 0.031257572086261204,
    "MGH_MA": 0.039132541797916164,
    "MGH_DZ": 0.019263387448509812,
    "EGY_unknown": 0.03513448025199903,
    "EGY_EG": 0.04979403925369518,
    "EGY_SD": 0.015507632662951297,
    "LEV_PL": 0.015628786043130602,
    "LEV_JO": 0.029440271383571602,
    "LEV_SY": 0.030651805185364672,
    "LEV_LB": 0.015871092803489216,
    "LEV_unknown": 0.06881511994184637,
    "IRQ_IQ": 0.04930942573297795,
    "IRQ_KW": 0.002786527744124061,
    "GLF_unknown": 0.13641870608189968,
    "GLF_AE": 0.001938454082868912,
    "GLF_BH": 0.001938454082868912,
    "GLF_OM": 0.01696147322510298,
    "GLF_SA": 0.03234795250787497,
    "GLF_YE": 0.017446086745820207,
    "GLF_QA": 0.014053792100799612
  },
  "worst_accuracy": 0.17391304671764374,
  "avg_accuracy": 0.7399479753027359,
  "best_accuracy": 0.965944230556488,
  "accuracy": 0.8042161464691162
}