{"group_accuracy": {"MSA_unknown": 0.8171654939651489, "MSA_MSA": 0.3571428656578064, "MGH_TN": 0.8720930218696594, "MGH_unknown": 0.8032786250114441, "MGH_LY": 0.5930232405662537, "MGH_MA": 0.9442723989486694, "MGH_DZ": 0.8427672386169434, "EGY_unknown": 0.7724137902259827, "EGY_EG": 0.9270073175430298, "EGY_SD": 0.640625, "LEV_PL": 0.7829457521438599, "LEV_JO": 0.7654320597648621, "LEV_SY": 0.8656126856803894, "LEV_LB": 0.9465649127960205, "LEV_unknown": 0.7288732528686523, "IRQ_IQ": 0.7764127850532532, "IRQ_KW": 0.3478260934352875, "GLF_unknown": 0.7460035681724548, "GLF_AE": 0.5625, "GLF_BH": 0.75, "GLF_OM": 0.6785714030265808, "GLF_SA": 0.7528089880943298, "GLF_YE": 0.7152777910232544, "GLF_QA": 0.8706896305084229}, "group_weights": {"MSA_unknown": 0.3359583232372183, "MSA_MSA": 0.001696147322510298, "MGH_TN": 0.031257572086261204, "MGH_unknown": 0.007390356190937727, "MGH_LY": 0.031257572086261204, "MGH_MA": 0.039132541797916164, "MGH_DZ": 0.019263387448509812, "EGY_unknown": 0.03513448025199903, "EGY_EG": 0.04979403925369518, "EGY_SD": 0.015507632662951297, "LEV_PL": 0.015628786043130602, "LEV_JO": 0.029440271383571602, "LEV_SY": 0.030651805185364672, "LEV_LB": 0.015871092803489216, "LEV_unknown": 0.06881511994184637, "IRQ_IQ": 0.04930942573297795, "IRQ_KW": 0.002786527744124061, "GLF_unknown": 0.13641870608189968, "GLF_AE": 0.001938454082868912, "GLF_BH": 0.001938454082868912, "GLF_OM": 0.01696147322510298, "GLF_SA": 0.03234795250787497, "GLF_YE": 0.017446086745820207, "GLF_QA": 0.014053792100799612}, "worst_accuracy": 0.3478260934352875, "avg_accuracy": 0.7441378297905127, "best_accuracy": 0.9465649127960205, "accuracy": 0.7939181327819824}