{"group_accuracy": {"MSA_unknown": 0.9080418348312378, "MSA_MSA": 0.4285714626312256, "MGH_TN": 0.8992248177528381, "MGH_unknown": 0.7868852019309998, "MGH_LY": 0.7093023061752319, "MGH_MA": 0.9504643678665161, "MGH_DZ": 0.9056603312492371, "EGY_unknown": 0.7793103456497192, "EGY_EG": 0.9197080135345459, "EGY_SD": 0.65625, "LEV_PL": 0.7209302186965942, "LEV_JO": 0.7530863881111145, "LEV_SY": 0.8735178112983704, "LEV_LB": 0.9007633328437805, "LEV_unknown": 0.6760563254356384, "IRQ_IQ": 0.7371007204055786, "IRQ_KW": 0.17391304671764374, "GLF_unknown": 0.7087033987045288, "GLF_AE": 0.625, "GLF_BH": 0.8125, "GLF_OM": 0.550000011920929, "GLF_SA": 0.704119861125946, "GLF_YE": 0.7152777910232544, "GLF_QA": 0.8793103694915771}, "group_weights": {"MSA_unknown": 0.3359583232372183, "MSA_MSA": 0.001696147322510298, "MGH_TN": 0.031257572086261204, "MGH_unknown": 0.007390356190937727, "MGH_LY": 0.031257572086261204, "MGH_MA": 0.039132541797916164, "MGH_DZ": 0.019263387448509812, "EGY_unknown": 0.03513448025199903, "EGY_EG": 0.04979403925369518, "EGY_SD": 0.015507632662951297, "LEV_PL": 0.015628786043130602, "LEV_JO": 0.029440271383571602, "LEV_SY": 0.030651805185364672, "LEV_LB": 0.015871092803489216, "LEV_unknown": 0.06881511994184637, "IRQ_IQ": 0.04930942573297795, "IRQ_KW": 0.002786527744124061, "GLF_unknown": 0.13641870608189968, "GLF_AE": 0.001938454082868912, "GLF_BH": 0.001938454082868912, "GLF_OM": 0.01696147322510298, "GLF_SA": 0.03234795250787497, "GLF_YE": 0.017446086745820207, "GLF_QA": 0.014053792100799612}, "worst_accuracy": 0.17391304671764374, "avg_accuracy": 0.7405707482248545, "best_accuracy": 0.9504643678665161, "accuracy": 0.8141507506370544}