{
  "group_accuracy": {
    "MSA_unknown": 0.8672917485237122,
    "MSA_MSA": 0.5714285969734192,
    "MGH_TN": 0.8217054009437561,
    "MGH_unknown": 0.7868852019309998,
    "MGH_LY": 0.42635658383369446,
    "MGH_MA": 0.9133126735687256,
    "MGH_DZ": 0.7987421154975891,
    "EGY_unknown": 0.7931034564971924,
    "EGY_EG": 0.9197080135345459,
    "EGY_SD": 0.5390625,
    "LEV_PL": 0.7286821603775024,
    "LEV_JO": 0.6748970746994019,
    "LEV_SY": 0.8142293095588684,
    "LEV_LB": 0.885496199131012,
    "LEV_unknown": 0.6778168678283691,
    "IRQ_IQ": 0.815724790096283,
    "IRQ_KW": 0.1304347813129425,
    "GLF_unknown": 0.7770870327949524,
    "GLF_AE": 0.6875,
    "GLF_BH": 0.8125,
    "GLF_OM": 0.5928571224212646,
    "GLF_SA": 0.7303370833396912,
    "GLF_YE": 0.7222222089767456,
    "GLF_QA": 0.9137930870056152
  },
  "group_weights": {
    "MSA_unknown": 0.3359583232372183,
    "MSA_MSA": 0.001696147322510298,
    "MGH_TN": 0.031257572086261204,
    "MGH_unknown": 0.007390356190937727,
    "MGH_LY": 0.031257572086261204,
    "MGH_MA": 0.039132541797916164,
    "MGH_DZ": 0.019263387448509812,
    "EGY_unknown": 0.03513448025199903,
    "EGY_EG": 0.04979403925369518,
    "EGY_SD": 0.015507632662951297,
    "LEV_PL": 0.015628786043130602,
    "LEV_JO": 0.029440271383571602,
    "LEV_SY": 0.030651805185364672,
    "LEV_LB": 0.015871092803489216,
    "LEV_unknown": 0.06881511994184637,
    "IRQ_IQ": 0.04930942573297795,
    "IRQ_KW": 0.002786527744124061,
    "GLF_unknown": 0.13641870608189968,
    "GLF_AE": 0.001938454082868912,
    "GLF_BH": 0.001938454082868912,
    "GLF_OM": 0.01696147322510298,
    "GLF_SA": 0.03234795250787497,
    "GLF_YE": 0.017446086745820207,
    "GLF_QA": 0.014053792100799612
  },
  "worst_accuracy": 0.1304347813129425,
  "avg_accuracy": 0.7250489170352618,
  "best_accuracy": 0.9197080135345459,
  "accuracy": 0.7958565354347229
}