{
  "group_accuracy": {
    "MSA_unknown": 0.893256425857544,
    "MSA_MSA": 0.6428571939468384,
    "MGH_TN": 0.9341084957122803,
    "MGH_unknown": 0.7868852019309998,
    "MGH_LY": 0.6860464811325073,
    "MGH_MA": 0.9504643678665161,
    "MGH_DZ": 0.8930817246437073,
    "EGY_unknown": 0.7655172348022461,
    "EGY_EG": 0.8759124279022217,
    "EGY_SD": 0.5078125,
    "LEV_PL": 0.6589147448539734,
    "LEV_JO": 0.6255143880844116,
    "LEV_SY": 0.7272727489471436,
    "LEV_LB": 0.7862595319747925,
    "LEV_unknown": 0.6408450603485107,
    "IRQ_IQ": 0.7321867346763611,
    "IRQ_KW": 0.1304347813129425,
    "GLF_unknown": 0.7158082127571106,
    "GLF_AE": 0.6875,
    "GLF_BH": 0.875,
    "GLF_OM": 0.5857142806053162,
    "GLF_SA": 0.670412003993988,
    "GLF_YE": 0.6180555820465088,
    "GLF_QA": 0.8534482717514038
  },
  "group_weights": {
    "MSA_unknown": 0.3359583232372183,
    "MSA_MSA": 0.001696147322510298,
    "MGH_TN": 0.031257572086261204,
    "MGH_unknown": 0.007390356190937727,
    "MGH_LY": 0.031257572086261204,
    "MGH_MA": 0.039132541797916164,
    "MGH_DZ": 0.019263387448509812,
    "EGY_unknown": 0.03513448025199903,
    "EGY_EG": 0.04979403925369518,
    "EGY_SD": 0.015507632662951297,
    "LEV_PL": 0.015628786043130602,
    "LEV_JO": 0.029440271383571602,
    "LEV_SY": 0.030651805185364672,
    "LEV_LB": 0.015871092803489216,
    "LEV_unknown": 0.06881511994184637,
    "IRQ_IQ": 0.04930942573297795,
    "IRQ_KW": 0.002786527744124061,
    "GLF_unknown": 0.13641870608189968,
    "GLF_AE": 0.001938454082868912,
    "GLF_BH": 0.001938454082868912,
    "GLF_OM": 0.01696147322510298,
    "GLF_SA": 0.03234795250787497,
    "GLF_YE": 0.017446086745820207,
    "GLF_QA": 0.014053792100799612
  },
  "worst_accuracy": 0.1304347813129425,
  "avg_accuracy": 0.7184711831311384,
  "best_accuracy": 0.9504643678665161,
  "accuracy": 0.7895565629005432
}